<?xml version="1.0" encoding="UTF-8"?>
<project-private xmlns="http://www.netbeans.org/ns/project-private/1">
    <editor-bookmarks xmlns="http://www.netbeans.org/ns/editor-bookmarks/2" lastBookmarkId="0"/>
    <open-files xmlns="http://www.netbeans.org/ns/projectui-open-files/2">
        <group>
            <file>file:/Users/mayelineminaya/NetBeansProjects/Project/public_html/Product1.html</file>
            <file>file:/Users/mayelineminaya/NetBeansProjects/Project/public_html/index.html</file>
            <file>file:/Users/mayelineminaya/NetBeansProjects/Project/public_html/Product3.html</file>
            <file>file:/Users/mayelineminaya/NetBeansProjects/Project/public_html/Product2.html</file>
            <file>file:/Users/mayelineminaya/NetBeansProjects/Project/public_html/cart2.js</file>
            <file>file:/Users/mayelineminaya/NetBeansProjects/Project/public_html/cart3.js</file>
            <file>file:/Users/mayelineminaya/NetBeansProjects/Project/public_html/cart.js</file>
        </group>
    </open-files>
</project-private>
